sequence,label,split
GCGGGGCTTTCCGGCCCGTCCAGTCGAGCGTCGTCCTCCGGACATGGATGTGAGTGGCACGAAATTCACGCGAAGCTGAGGTAGGCACCGCTTACTTGAAGCAGAAGCTTATACTAGGCCGTCCGTTAGTTTGGCCTGGGG,0,train
GGTTTCGCCTCAAAAATCCACACTGATTAATAAGGATCAACCCGGGTAGTTCCGAAATTTTAACATTGAACCTGAAGACGACCTAGCCTGTCAGAATCAGTGAGTTCGTTCTAGCAAGCTCTGGAAAGTGGACACTTTAAAGAGTAGTTACCTCCGGGTCACTGTGTAGGCTCTACGATGTGTGTCGGCTGTATAAAGTGTGACCATCTGATTCGCGCTTATTTTAGAACGCATGTAAAG,1,train
TGATACGTAACTAGAGATTTGTGGGCAGGATCAGAGTACAGGCGGGAACCTGCGCTCAGACCTTTCTCCGAGAACTTTGTCTTTGCTAGTTGAAGTGGGGAGTTCCGCGAAAATAATGCGGCAAAACAAACTCACGGTATGTGGCAGATTGAGGCTATCTCTACTCATGAAAAGTATATAAACGTATTTTAC,1,train
ATGATTCTCCGGCTCGGTCGATCTTGGTGTCTAAGCCGATTTAGCTAATGCAGACGTAAGACATTTTGCTATACTTATTCGATGCTCAGCATTTTCCTACGGCATCAGGTGTCGTAGTTCACTATAGGACTACGA,0,train
TCTGGTACTTTACTTATCTCGTACTTTCAGGTCTACTGACCCGTAGGTTCTTCCAGAATTAGCAGCGCATTCTGTAGTGTTTACTCAAGCTCTCAGCCACTATGCGAAGATCAATCCCGTACAAATTATGTGTGTAGCCATAATATAAAAATATCGTCATCACTGGTCTATGT,1,train
AACCTTGGTCTAAGGACATAGGTTACGATACGGCAGTCTGCGATCGGATCATCGGTGACCAGCAGTTGTTAGGGGTCTTCCTGTAATGACGGGGTTACCGTTAGTCTCTAATCCAGCCTTGCTGGGAGTCTTTGTCCTGAGT,0,train
TTCAAAGGGGCCTTAGCTAAGGAGGTTTCGTTATAGATCCGTGAGCGATGACTGGCGCCTCCCGCCCCGCAAATAATGGTGTCGTCCATTAGTCTATGAACTAGGGCGCGTGGCTTCTGGTGTCCCAGCTTCCCTACTTCGTGGATACACGTATGGGGGGATAGC,0,train
CCAGTTCGGTAGGTCCTTAAAGGATTCCTATGTTAAGTCGTTGCCTGGTACTCCTTTTGTGGTTTGGTAGGCGTGGACGAGCTTCAGTGCGGACTGGATAGCCCGTCCACTTGAGATCTCAGAGATCCGAGAACTGCTTCCGTTGTGTTACCCTCTGAG,0,train
TTTATCTCATGGAGGGGATTTCGCCTGAGTCTCCCTCTAAGCGCTCGGGCAATATCCGATGCCGCCGTCGAGCCCGCACAAGTTAGGGTTGTGTTGGCGCTGTGTTTATCGCACGGGAAGGAGCTCGGTTGTCACATGCCGAGCTAGAGCCCTAGGGCATTCTCAAA,0,train
AACATCAACATATTGCCATTATAAATGGAAGACTCGGGGCGTCACTGCCCGGATGACGAGTTCACCTAATCGGGACGGCAGTCACATTGATGGTCGACATTCGATTAACCTCTTATCATCGACGCCCGACATCCCTGGAAAGGGCGGCACGCGAGTTGAATAGTGAGAGTGCACTAGGCGGAAC,1,train
ACTAACTGCGGTAGCAATCCATGAAAGGCTGCTGGGCCTAGCCAATCCTTCGCTATGTAACCGCAAAAATCCGTTTGGTGTATCGTACGGTCCCGTGTGAGGTCGATGTCGAGATTTGGTGTAACCTGCCTGGCAACCCGAGGGTGCTCCTTTAGAGCTGCACTAACTCCCAACGTATAAAAAGTCGATTGCATCGT,1,train
AGTTGTATTCACCGATCTGTGCGTTACCACGTCGTTCTCATCCAGTAATCTCACCTGAGTGAATCGCACAAATTCTTCCGGGGAGAGTTCCGAAAGTAATTAACTAGTAATGGCATCGGAATTTGGTCCATGACGCCCTATAAAAATCGACCAGATTT,1,train
GTGGAATATCCAGTATAGCTAGGTATGAGGAGCTGGGCTGGGAACTAGTTCACCTCTGCGCTTATGAGTGGACTACGCGCGGGTACCTCACGAGGATATAAATGAGTAGCATCTACTCCGACCTACCTTCTCCCTCTTTTGTGAGTTTGCGGCACTTGTCTTGAGCTTTCCACATACATTAGCGACCCCAGAAATTGACCTCAACGCAAGGCTAGTCGAGA,1,train
GTCTGTAGGTAGGGACAGATGAAGGTGAATCGTTGCATACAGCTCAATACACGACCTTTTTATCACTTTCACCTTATGTTGCCGTATAAACAGCCACACAAGAGTTGGTGTAAACTTTGGTTTGTTGATCTGTAGGAATCGGCTCATGTCTTAAGCTCGCAGTACGGACCTTCTGCAGGGTGGTT,1,train
TCGGTCCAGAAAAGATCACACTTCGGCTATCACAGGAGAGAACCTGCTCGGGAGTGGAACCGCTTTAATGCAGCCTGGTTTTGCCTTTTCTATCACGACAGTCAAGGCGTCTCCCACACTATGAAATCACGCACAATCCTCGTTGTAGACAACCATTTGGTATAAACCTACTCATTGTTCAGTCGAAAGGACGCAACAGCCACGAATAAGAGAGGTCGTGCAGTACATTAGCCT,1,train
AAATCCCGAGATTGTATTGGTACGATGCTCTCGACCGAGTTGGCCTCCTACACAAAATACGTAATATGACCGAGGCGATACCCTTGCCTCCAGGCCATCTGGTCCACCGGGTAGTGAGTACAGTGAGCTTGCTTCCGTCGCTTTGCCGCATATGACCAGTATAAATCACGGTCTCTCT,1,train
CTGTCTGGCTTCGGTAACAAGATCGGGCTAATACCGTATCTCGATGCATACCGACGCGGCTGCCTATGTGGGGGTACTCATGCTACCCGACCCTCTTATTGAGAGTGGAACTCATATAAACATGGGCCTTTTGCCCGGCCTCCTCTCAGAAACTATTCAGCGTTGCTAGGTCAAGCACATCAGATCCTTCACTCGAGGACTGACTAAATCCATACAGGCCGTACCCAGTGA,1,train
AAGTAAAACGGTAATGAAAGCTGTTAGGTTTATTAGTTTTCAGCGTGGAAGCCCACCTTGAGGTCTCCAGAGACATTAGTGTCCAGTGCGTGGCACGGGAACCTCGATTGTTGACACGACACGGCGTGAGCGCATGGAGACTGGATTGCCCACGAAACAGTCGCCGCAGTCAACAGCTCGAAGTACCAGGGCAAGCACAGGATTAAATGGGGTTTCGGGACACTGGCATGAAATATT,0,train
ACGGTGCCTTTCACATTTACTAGGTCAACGACGGGGAAGGAACTTTCTCGTATCACGCCAAAAGCGCGCATGATTGGTTCTCGATCCGCTGTAACCCACCGAGTTTACGAGAGACAGATTTA,0,train
GACAGTTATTTCCCCTGAGACGTGTGAGGCCGTTCTCAGTTCCGGCGGATCCCCGAACGTCGTCTCGCAACCCGAGCAATTCTACTTAGGAGTCCATGAACAAACCGCCCCGTAACTAATACTTAGTGTATATTCTGCGAAGCTCCGTATTC,0,train
TCTGAGGCCTTTTTTGGGGGTGACGAACCTAGTCTGACGTCAACGGGTCTGTAAGTTCCCATATGGAGCATACCTGCCACTCTATCGGTGTCAACACATCTATTAGGGGTTCGTGGAACCGCACTTAGGT,0,train
CTGGTGTTGAATAGCATGATACGCGATAAAGACTCTTATGCAGCACTCGCTACCATATGGACCCGCGCAATGTCGATGGGTCGAACAGAACCCAGGTACGTATTATACAGTTAGACGTAGATGCGCCTTGATTTTTAATGCGGTCATCACCCGTTGTGGAAGGAGTCAAGTAGGTATAAATTAAAATTTGTGGGTGTCTCCTCGG,1,train
TTCACTATACGCTTGGGTCGATTCCGTAGCACGACTTGACCTGATTTCGTTCAAACCGACAGTATAAATATCCCCGAGCTCTACCCCACTAGCCTACAATTGCCGTTATAGAGGGGTCGACAAAGCGTGATC,1,train
TGTCTAGAAGCATGGGATTTGACTGTCAACGATCTGTATAAATAGGGCAGGGTAGTCACCGTAAAATCGTGATCCCGTCCGGAAATCCGTCACTATGATAAGAAAGACTAAGCTAAGCTACCAATATGAATGAGGG,1,train
GCGGTAAACCAATTGCCACTTAAGAAATGACGATTCCCGTTGCCCTCAAACACAGTAGCTCCTGGCATTTAACGAATCAGACGGTGACGACGTAATGAAGTGCGACCGACTAAGATATCGAAATCGTTGCAAACTATATTCTTCATAGGCGTACCAACTAACAAACTCGAGGCGCTTAAAGCTGCTGGGCGGAAGTTGACCCGCAGCACTTAATAGGTGAAGTTATTTACCTCTAGAG,0,train
CCGACCGCTTCGCACACAATTGGCCCTTAAATTAATTTCACGAGCTGCTTCACCAGATGCAGAGCAGAAGATGGAGGCGTTTACTGTTTAACATTGGAGCGGAATCTCTTCCCAACCAGAACACGATCTAAAGACGATGAATGTAATATGGTTTCACGATAGGACAAAAGGTTTTTTAGCGTAATACATTGGATTACCCAGGCGTCTTCGCCAGCGTCGTCTCCCGTACGA,0,train
GTTGCCCGTGGCCATACCGCAAGCTTGCTATTCATCGTCGTCCGTGCCTTTAGACGCATTTATAGGATCGTCAATCGATCGGTGTCTAAGGGTACCGCTATTCGGCAGACTAAAAAAAGTATATCGGACACAACCGTATTCCCAAGGATTCTGGTACCACCATCA,0,train
TCGACCTAGAAGCACTCGGTCATGCGATTGTCCGGTGCACTGGGTATCAGCGATCTCGGTGAAAACCACATCAATTGAGCAACTATAGTGAGAAGACAACTCCCCTAGTTACCTGCTGGGGTTGCCTGGTTTAAGACGAGCCGAGCAATGCCGGCCGGATCAGTCTAGATAAGGTTACATAGAGCGCCATTACTGTCCGATATGATTC,0,train
GGCACAGCGGATCGCACATTTGTTGGAGATGCCACGTGATCCCCTAGTGCTTTGCATCATTCCAGAATCGCTGGGTATCCCTCCTATACCCTAATGGTAGTTGGATTTGGCAATCTAGAGTAGGTCTCGTTCACATTACCTACAAGAACTACATATTAAATCCTCCTCCGTGTACGATTGTTCCGGTATTCACCAGGG,0,train
TTAGAGCAGTGTTTAGCCTATAAAAGTAACCTACAGTATCATTGAGTAGATGTCTTCAATCTCAAGTCCTCGTGATCACATTGAGGGCTTAGTTGATTTTGAGTAATGGTAGGTCGCAAT,1,train
ACGGGGGGTTAACAAATCCTCCTTGCATCTCGAGTACGAATGAAACTGACGGGCTTAATCTGGAGCGGGTTGGCATGTCTGCAAATATCGGTGGCCGATCCCTGTAAAATATACGGTTACAGGGAGCCGGCCCTCTGTTACACTGTGTTAAGCA,0,train
CCACATCTTGCCGTGGCTCGAAACATAAGTAGAAGGCCTATCACCGTCTCAAAAAACATAAGACCGGAGCACAGCTTTACTTCAACCTAGGTGTAGCAAAGCCATTCTGCAAGCTCTTGAATTTTATTTCCTCTGAATCTTCCCTTTTACTTATGCCATGCGACGGTTTCTGTTGACGAGAAGATATGTCACGTGATAAGTAAGAA,0,train
GTAGCATCGGGAGGCAAGAGTAACCGACTTAGTAATTTACCGGGTGGTTGACTTGAATCCGTCTCAGTGTCCTCATCACAGGGCCCCGATGAGGCTTATCGTATAAAAGGGATGATATAGACCAATAGACGGTTAGCTTGACCTGCCACTGATCACTTTTATTTTAACGTCGCACCCCGAACTTCTTGAATTAGCGGTAGGACCCGA,1,train
AGCTTGGAGTTCGCATATAAAGCCTGCGTGTTGCGCTCGCCGCTTCGAGTACTTCCGGCGTGTCATATCGTCATAGCAATCTAACATCTCTATCAAGTTACTGCACAGTCGTTCGGCCTGGTCCATCGACTGAACTTGTATTATCCGCAAATACGAATCGAACCCGGCTTTCGAGAGAAATTCAAGAATAGAAAGCACTTATAAACGCACGGGGCACGC,1,train
CCACTGCCTCGGAGTCGACCCCGTTAGTGACGGGGTACAATATGACTGGGGTTACACACTATGATTACCCCAGTGGTTATAAAGGGACTCGTATTTGCCCTTCAGTAACCTTCTACCCATGGATA,1,train
TAGAATAATAAGTGGTAACATGGCGTCGCCTTGTTAATACGCCGACAACCTTATTTACTGCCGTATGTCAAACTAATACTATTCCATACGGCTTGTTCTGATGGGTGTCTTTGGACATGTTGAACGGCCACTCTCACCTGGCGTCCAATGATATAAACCGTTTGACGCTAAGCTTCCCTTCCGCCGTCCTCCTCCGCAACCTAAGCCGACTAGCCCCACGGTACGTAGTC,1,train
ACCCTGGTATCTAGCTTGGGGCACCGCGTCACTCTAGGACAAACTTAGACTATAAGTAAACGTCGTTCGAACGAGACAAAAGAGACCGATAGGTAGTAGATTAGTCAACAGGTGGTCCTGTGATGACCTGGTACCACTGACTGAATACCTTGCAAGTTCAAAATGGTACGCTATGAAGTGTTGTGGATACTAAATTAATTCTGGCCATATAAATAAGACAGG,1,train
CTTATAAATAGTCCAGCGCTCGTTACAGAATAGAGGGCCGAATCTAACGTAGGGAACGTCGTTCGACCCTGAGCTTCTGTGGTCGAGTGAAACACAAGTATCTTATACATGCATCCCAGCGATTTCGAGCAGGTGGCATCGATTAGATGGGAAGC,1,train
TTCCGGACGCACCAACATAGCGTTCTGAATTTGACGAGACAGCGGTAGATAGCAACCTCCGTCTCTGCCACATATCCATGTCGTCGCGTTTGTGACAGTTGCTACTGAGTCTTTCAGGCTAGGGTTTTTGAGTCGAGTTCCCAGCAATAGGAACG,0,train
AGTGTCGCGCCCGCTTCATTGAAGGTTTCACACGCCTCTTTCGGAGACGCGGTACATCATCATCCTTTTAAGCGCTTCAAATACAACGCCGGTCAGTTTATATATGTGTTTTGATCCGGAAGCCGCTGCTCCCAAGCATAGGTCTAAGTAAGAAAATCTAAACTGCGTGTCCGGCGTACAGTTAGTCTT,0,train
TGCCTACGCTTACTTGGTCAGGAGCCAATACACTTCTAGCGGTCACCGTTCTCAGTCGACTAACATCGATTGGAAGTCCTTGATGGAATTCGCTCGTTAACACAAAGCAAGCTTTACGTCCCGGGAACTGCCGTATAAAATTGACGACAGTATCTAAAGCCCAAGGTTGGTGGTAGGGTAGACTCCGTACTGCACTAGTCGGGTTGGC,1,train
CTGTTTTACGACTCCAAGTTTCCTGCGCAATACCAAATACATTCCACGCGGCGCCTGGACTTAGTGTTCGTCTCCGCTATTCTCGCGATGACAGTAACCTCGGACCATCCTCGGTTGGGGTTATGCGGTACCAGTGCCGCTCT,0,train
CGGGTTATGTCCGTTAACGCGGGGTGTGTTCCACCGACCTAAATAATAAGCATGCCGTCCCAAGGTTGTCCTTGGTCATGGTGCGAACGGTATTGATGCAGCTTTCCTTCGATCGGGTCACCGATTGTCGACAACAGGCTACACATCGTGTGTAGACAGTATCCGTAACTTCACTACTTGGCAAGTGCGACACTGACGATCAA,0,train
GGCAGTTAATGTTGCTTCCAGGACGGTAGGGGAAGGGCTTATATAGTCTAAGGATCGGGTCCCCACAACTGACTATAAACGAATAACCGGTATGCAGGGTGTGACGAGCAACGGCTACTAACTAATTGGCGCGCGCTGACTTGAGAGTCTTCCCTCGGGGAATTCTCCTACATGTACATACACTTGCTCGAGGAAAGTTTTGTCCACAGTTGTCGACGTGATGGTGCCACTGGAGG,1,train
AATTGAAGTTACTTCGACAAGATTATCGTACATACGATCATGGTGCTGGCCCTTGAGATTAGGTAGGTTATTGACTCTGTAGGGATAACCGTCCCGGACGTTACACTTGTTGTTCATCAGCTAGCTCCGATGCCAACTGTAATTCAATCTAGGCTATCCCATCGTTCGTTGTGCGAAGAACCTCACCGCTGTCGCCGTAACACATGTCAGCAAACATTACTTTTCTGTCACCT,0,train
TTAGTCAGTCAATGCATTTATGTCGAGCGTGACGCACTGTAAATTTCCATGACTACACGACTCCTACGCGGGTGAGTTATTCCGAATTGAATAGATCCGAGGTCGAAGAGGAAGTGGTGCATATTAAGACAGGGAGACCCAACTTCACGTGATACTGCGATGTCCCGTCCACTGGAATTATA,0,train
GAAGAGATGCATTAATAAGGTTACGAGTGAAAGGGACCTATATGGCGTGACTCCTGTCCGGGATACCGAGCGGTTCAAAGGCAGTTCGAGATATATCATAATTACACGTACAGAATGGGTTCGTCACGCTACTTTTCCG,0,train
ATGCGGGGGGTACGATCTAAGCTATAAACAGGTCTAGTCGTCAATGCGCCCTCCCACATATCCCACCCAAAACCCAAATTTTAAATTAAAGCGTAGACGGCAATGTCCGGTGAAACATTCAGGGTTAGAATTTTGAAATGGAACGATGATGTAAGCTTCGCTTCTTACTATTAGAGTCGTATTAC,1,train
GGAAACGGGGCGCTAACAACCTAAGGTCCACCTGGGTATATTACGCGAACTTACTTTTGCCACCATGGCGGACCACGACGCGACCAAGGGAGCTGGAAGCGCGAATGCTCGGCTCTCTGCTATCTCCCTCGAGCCTCACATCTTTATAAAAAAACCAGCAAAGACC,1,train
AGGACCCGCCCCACCGAACGGGAACGGGACTGCCCCCGCTCTCAAGCACGGACATGTGCAACCTTCATTGGGCAATCGACTGACCTTACATGCTCTGTGCTGTACATATCAACGGCGACCAAGCGGAGAGCCAAGCATTTCGTCGGCCAC,0,train
GCATTAGGAGACCACAAGCCAACCACAGGAGCTTTTGAAAGGATGGCAATCTTTCGGTTGTGATCCGCACTCCACCAGAAGCGCAGTAATTCTGACCAAACTTTACAAAGCCGCTCAAGAGCGCCAGCTCAATTTCTTCCCCTCCTTAGATCTTACTGAAACCCCCCACGCTATGATTTTAATGCAAGCACTTTATAGTCGGTCACTTGTTC,0,train
ATAGTAAGCCACCTTAACGTTACCATGTAACTCTAGTACCTGCGTAGCTTCAAATCTGGGGTGGGAATTCTCTGGCGTGATAGCGCGATTGGTCTGTATTGCGATCATATTTACGAATCTCCCCGGACCTGCG,0,train
TTCTCGGAATGCTACCTTCTACTTTATAAAATGGATAAATGCGGTGAGAACACTCAGCTTCTCAGGGTACGCATATTTGACCGTGGGACGTCTATGCATAATGACGCATCTTGCCCTGTTAGACAAAGCTACCTCGGCAGACCAAGTTCAGGAAATGACCGGCAATGACCGTATCTGTCCCGATGCCGAGCCTAAAACGTTATCATACTTCACAAGCTTCAGCTAAGTTG,1,train
CTACGGTTTCCGTGATCGTAAATCGTGTTCCTGCTGATTCTTAAACTAAGCACTCACAGAAGGTCGGTCCAATGTTCCCGACGCCTCGCAGACATGGGAGCACGGCGATGGACCCATACGGAGCAAATTACCGCCTTCTTGGGTTATCTGTCGGGAGTACTTTAGCCCGCTACAGAACGCCATCTGCGTTCCA,0,train
GTCAGTCGAGACTGGTGGGGTCGTCTACCTATAAACTTATATGTTTACAGACGCCGCACTACTAGAGATGAGCAATTTGAGATGCCAGGAATATGCCTAACCTTGCAGTTGCGAGCTTTTGTATGCTTAAGTCCTAGTTATGCCGCTGAAAATTATGGGAAATCCTAATGGTTGGCCCAGATA,1,train
AGCAGGCTTCCATAGCACAGGTTGACGGAGGAGTTTTGCTTGGATATCGGAAGGGTTCTGTAGTGAATGCACTACACGGTACTGGTACGTGGCAACTTAGGTCGTCACATCTAGGAGGCCGCACCCTAGGTCAAGTTTTACGATTGCCCTAACGCCGCGGAGCGCGACCCGAAAAGCTATGGTCTGTAACTTTTCGCGGG,0,train
TATAGTTACATTGTGACTCACGCGCGGATAAAGATAATATTAGCATTAATGAGCCTGTTTCGTAAGAAAAATAATGACAGACGGTCCCAAACTGTGTGCTGTGGCGCTGCTATAAAGCTGAGACCTCTTTTTATAGGTATGAGGTAGGAACGTCGAGTGGGATCCGGCGCTAAAAAGAGTTGCCACGTACATCGAACCTGCGTCAGGGCTACAGTGGTGTAGCCTATGTC,1,train
TGCTTGCTTCGACTCGGGCCTGTGTTTGTGTCCGGGAAGTCGATCTGTGACATCTTTCCGATCGGCACAGTGACCCGTTAGGTTCGAGATACCCAGTCCCTCAGGATTATAAATCCTCAAACC,1,train
AGAAAACTTATAGATGGTTTCCCATAGGCGTGGTCGAGCTACTATTGTTATAACCCTACACCTTGGGACCTTTAGATAATGAATGATATCGTGCACGGTCTGGAGGCTCAACATCTGCATTGGGGAGCACCATGTAGCTAAGCCACTTCCACCGTGGACATAGGACTCCAACGCAGAAGCCACATCAGAACAGGGTCGTTTCCGGGCAGACTCCCTGCGA,0,train
GGCTTGTACACCAAACGAATATGCATGCCCCCTCAATCAATCACGCTTCGTGCTGAGTAGGTGTTGATTCGGGGCGGAGTTTGCGCGCTATAAATTGGCCATTGTAGCCTCGGCTGAGAGGAGACGTTCAATCGCCATTCTCG,1,train
CTAAATGTTATATCAGCGAGGTCAGCATACCCACTAAGCTGTAATAATTACATCTAGAAGCCCTTCGGTCATCGTTCACATGGACGGACCCTCTCACATCGAGTACTTTTGCTCGGCTGGATATGATTGTACAAACACCAGG,0,train
GGCGGAGATCCGGTGCGTGACCCAGTCTCGACCAATCACATATGGGCGTGGTCCACAAGGTGTACCAACGACACTGTGTCGGTATACAGGGCGGTTCAACGACGCCTCCACCGTGCGTCAAGCTTTAAGCGTACATTGATGCAGCGACCGACCGTTGCTGCCCCCCACACGTACCACACCGTTTAATTGATTCTGGCACGGCAACCGTCCACGCAC,0,train
GATTGGAATCTCGCGTGAGATACGAATGATGAAGCGGCAGCCTAGCATGCTTTAGGGCTGCCGCTCGGAGTCTTACTGGTGTTTTTAATACGCGCGATCTATTAAAGAGAGTGAAACCTCCCGGATCAAACAACCATATTAAGTTCCGTATCACCCCCTTGGATGGTTATTTCAGTATAGATAGCTTGACGCGTACCGGTCGGTATTTC,0,train
AAGCCCAATAAACCACTCTGACTGGCCGAATAGGGATATAGGCAACGACATGTGCGGCGACCCTTGCGACAGTGACGCTTTCGCCGTTGCCTAAACCTATTTGAAGGAGTCTAGCAGCCGCAGTAAGGCACAATACCTCGTCCGTGTTACCAGACCAAACAAGACGTCCTCTTCAATGTTTAAATGACCCTCTCGTCATAA,0,train
AATCGGTTTTGCTAGCTCGAGGCGTCTCTTCCCGTCTCGTCTAGTCCCGGTTTAAGAGTAATTCTTCGGGACGATGTACGGACCACAATCGTTACCTTCAACCAATCAGCAACCAGCCACCTCAGACACTACCATTCAACGACATTGTAAAAATTGCCGGCGCTAGAGGTGTAATATACTCCAGAACACGACCCATAAG,0,train
ATAGTATTTATAAAATCATCCACTACTGCCTATATGGCTGCACCACGGAAGGTTATCAGTCAGGCGCGCACATATTATTGCAGAATGCAGACTAATACTGATACAAATCTCCTCGGGAATCGCTGAATATATACTTT,1,train
ACGTCGCCAAATTACTCTGGTGTAAGCGCTGACTAAATTGTCCGCCCTCATCCCACCGTTACAGATAGAGACTTAAAGAAACATGTTGTGGGGCGTTAGGAATTCAAGCGTTTCAGAGAGTCTTAGTTATGCCACTAGTCTATCCCCAATACGTGCGTACTAGCAGTTTCCGAGAAAGCAGCGTAGACTTGGCCATATGC,0,train
TCGATTACTTCCAACATCACGTCGTTCTCCATATAAATATTTATTATTCTCAGATCACCCGGCATGAGTAGTCACACGTTAGCTGACCAGACTGGCGGAAGGTTATAGCCTTTTCCATGTAATTTTCTTCCGCTAGATCCGAGAGTTGTA,1,train
ATTGCGAGAGTGTCCGGCACCACCAATGTACACTTTCGGGAACACTCATTCGAAGAGGTTCTGCAGCTGCAGGCCTTGATACCTGCAGTCTGGGAGGCAATGCTTATAAACTCTGTTCCATGAAACCCGTACTATATCTTATGATGACAATGAAAT,1,train
AAAGTTCGGTTATTTCTAGCCTCGTTGGAAAAAGTCACGCAATGGCGTGGTGTCGTGGCAACCATTACGCTATAGGGGAGCTTCTTATAAAGTAACTAGGAACATTAGGCTTCCGAGATAGCCTAAACAACCTGCGGACTAAGAAAGGACGCTCTAGTCTTCTACGTCCGCAAGGTAGGTC,1,train
GCATCGATGCTTGGGTTCGGCCTCCAAAACATCCAGGGCTTTAGCTAGCTCGAAAGTCTTTGTCGTGCACGTATGCACCTGCCTAAGGGGAATCCCGGTCTATGTAGGATATTTCGCTGGACGTGACACTCTATAAGTAGATCGACTGCCATAGCTAACGCGGTCTCCGAGGAACAACAGCATGATATGAGAGCTCG,0,train
GCCGAGTCACGAGTGAGCCACTTAGCCGGGGCTAAGTCCAGTATGGAGTTAGCGAACAACCTACTACATGAAAACGACGTTTTTGATAAAAAGAGGAGTTTATCCCTGCGGACAAATAGCGCTCCCCGCACATAGAGACTGGCCAGACGTTATAAATCAGCCTGGCGTTTGGTACAGCCGAAAATCAGTCG,1,train
CCCCGTCGGGTATCCACTAACGATATGCGCAGGGAACTGTGTCATAGGTTCTGGGATTGAACACAGTCTACTTAGTTTAACATTCTGAGGTCTAGTTATAAAATAGTTCACATGGCACAGTAGTTCGCAAT,1,train
CTTAGCGTGTCTGTGTGGGATCCAAAGAATGTGGAGAAGAAATTTGGTTACTTTCTGTGCCCGTTGTCCTCCTCAAGACCTGCTCGGAGCAGAGAGTCTATTCAGGTTCTTAGAATGTCTTGCTGTGGGTACAGGGTTATAAATGTTTGCTCACCGTTGTAATGG,1,train
GTGCTAATCTCTCAGTGGCCTTTGAGAACGACGGACGGGTTCCCAGTCCAGGGTAGTGCCGAAGTTGCACAGAGGCTTTTACAGAAATCAGCAGAAGCTTTCAATATAATGTGCGTATACTCCAGGCCATAACCACTGGAGCCGAAGCATTTAAGAGGCAATTCCCCCCGAAGCCCCAGTCAAAAACGGCCACCCGCTACCCGGTGGCCGCTGTATAAATTCGCAGCTTTCGGCTC,1,train
CTGTTCGATAGTAACGGGTCTGTATTGAGAAAGACCCCGTTCTCCTTACTTTACCGAACGGCTAGTGTTAGGTCGACGACGACGCTTCTTCTCCTGCCGTAGATCCTTTTTTTCAACGAGCGCTTAAGGATCTACGATGGATACCGTCCCCAGGCGGGGACTAGCCCCGCTTCGTTTAATGGTTGA,0,train
GTTAACCGATACATACTGGTTTCTCTCCAGTGGAGGTCTTGGTTGCCTCTAGTTTCTACGATATACTCATGGTAGTGTAACGCATAATCGAAGAGGGTCCTCCCATCTCCTGTGATGCATGGTGTGCTTACTGGGATGAATGCGCCGCAAGTAGCAGGTCCCGGCGTGGATACCTGATAGATGGTGACTAGCATGTACAAGTAACCTTGTCTATTGAGCTTCGAGGATGCATACAAGC,0,train
AAAGAGGCGAGCAGGTTTGCACACATCGTACTACACTGCTAGGGGTGGAGCATTAGGCTATAATGTTCCTGGTAATGCTTACTAGACGCAGCTTCTGGGTTCGAGCCCGCCGAAGATCGAGGCTAGGGTGATCTTACGCGTACCCCGGGCCAGCTCAGACTTCATCATGCCCAGATTCAGCCTTCTATCCGACACCAGGACCATAAACC,0,train
GCTCAATCCTGAGTGTAAAGCCCGGTGCCCGTTTTAGCACCTCGTCTGAACCAAATGTTAGGCTTCGGGAGCCATTCATTGGCCGCTAGGCCGCTCGTCCACCATCGGCCACCTGACCGTGAGCTCACCGAGATACCCGAATAGGGTAGAGCCGGTGAACGGACGCATAACGAGCGGATAGTGGTATTCCCGTCATATCAGTCGCA,0,train
CATCCTGGCGGACGCTGAACTCTGGTAGAGACTTGGACGGCTCATTTTTCGGGTTGACATTGTACCGCCCGAAGCGTTCTACCCGGACCCTACCGATCGATTCTTTCATCGCTGGTTAGTACCCGGGATACCTCACGTAGTCTCGGTTAGTCCTATAGATACGCTTATTTAGTGATGTGGACTTACAGGCTTATGAATTGAGGTGGAGCGGTATGGAAGATC,0,train
CCCAAAGAGGGATCTGGGAGACGGCGTCTACCCCATGCCGCGTGATCCATATTGTCTCTTCATTCCTTTATTGGAAGGGATCTCAAATCCCTGCTCGGTCAGGAGTTAATTGCTCGGATAGATGGCAGCTGTCTCGATAGACATTTCACAGTCTACTGCTCAGCGACTATCATCAGCATGCTATTCCTTGTATTTGGGTCGGAAGTTCGAGACGAAGGTCCGTGGTCA,0,train
CATAGGCGATTTTGCAAAGAGGCGTATCTCCTAGGCGGTGTTCTATAAATTTCTTTATGAAGCGAGAGCACGTACGTTTATCGGTTATGACAAAGCTCCTGGAACGGGAGCGTGCGCGCTTGATTGGTCTGGCG,1,train
TCGGATTCGCGACACCTTAATTGTACGCCGTTTGAGAGTATGCCTATAAAAGTATCATAGAAAGCGACGGGGTTCACTATGAATTGGGAGTACGAAATTATATACAAACTCCAATCACGTTGTGAAAAGGCTATCGAATG,1,train
CCGTTTCTGTACACGGACTCTGATGATCTAACCTCTCGCCAGGAGGATTTTGGTGACTTGCCTTGTGAAAAATATATAGTCCTTACTAGTTTAGCGGGGTCATAAACGGGCTCTCTATCTCTGCTCACATGCGCAAATACAATACTGCCCGCCTGAGA,0,train
TAGGGTAAGGATGCCATCGTAGTATCCACACTTAGTTAAGAGATACTCCAACTATACCACAGATCAAATCACTGTGACGCACGAAGCTCGCTCACATCATAAACAGTTCCCGTTCCACTAGGTACCAAGCTCGACACTTCCAAGGCTGGTAAACCATAACTGTCGCAGCACTCTCATTATCCTCTGCTCGGCGCAAGCATTTCGCGCCCATTCTTGATCCGTCC,0,train
CTTTTGGTGACCACAACACTCCTCAGTCTTAACCTTTATCCGTAGAATTTGATTTTCAATGAGTTATGTTACGCTGTCCGTCGTTGTCCGATCCCCTATTGCCAAGGGCCAAGTACACTGG,0,train
ACTATTCAATGGGTTGGTTGGGTGACGTTGAAATTGTCGAGATTGGGACCGGGATGACCCTTACGTAATACTCAGGCCTACAGACAGACGATATAAAGGCGACGTGAGGATCGTTGAGTCGAGACT,1,train
GTCTCCCTGTAGGTTCAACGGTAGTCTCAAGTAGTTGTAGAGCACGTCGCAGGTGAGGACCACGGGGGAGCACGGTTGCACCCCATTAACATGGGCTGCGAACCCCGCCCATAAATTACAAATAGAAGAAACCCGAACGGGCCAAACCGCAACTGCTACGTTCCTAGATACTGGAAGTATGTGTCTGTCATGCATATTAACTTACAGCGCTACTTGGTGTTTGCTAAGTTCCAAAAT,0,train
ACAATCGGAGACAGGACAGCGCACTGCCTGCAAACCGAGCTGCTGCTTCGAAGTCCGGGGAGTAACGAATGGGGCTATCTCATTCCTGTACAGTGTCTGACTAGATTCAATCATCACGATTAGGAGCCTTCACCGCAGGAGCACGCTGGACCCACGCTTATAAAAAGGAGGCACGCTGCAACTTAAGATCATCTGATCCATCAAT,1,train
ACTAATGTAAATCCGCCAATAAGCACACCATAGGCCTTACCAGGCATGATCTCAGGAACTGTACGAGTCGCGTAGATTCACAAGCTCAACGTTATAAACTGCGGATGACGGCCACCTGCTAATACACCCACCCATTGCCCTCCGGTCGTAGTTCTTTTCTATTAGCCGTTGTGTTAGCTCCCAAGTTTTGTTGATAATCCTGGTGATTCCT,1,train
GAAATCCCCCATAGAATTTTTCGCAGGCTGTACGTCCGAGTAGAAAGACAAAGTGAGACCTCCGACGCTCCTAAAGGAGCCATCCGTTTAAGCGCCTCTATATAAATCGGCTCGTTTTATATAGTT,1,train
CCCATAGTGGGACCGCCACAGCAGCATTAACTTCGAGATCCGACGCACCGACTGTCCCGGACTTGGCGCGACCATGAGTCCAGAGAGTAGAGACCTTCAAATGGGTCAATATTATAAATGTGTCTGGTTTATCCTTAGTGACAAACTCCGCGAGCCGATACTG,1,train
ACGTCGCGGCGTATGCATGTCTTGATTTAATGTGGGTGACGATTCGTGCTATGAGGGACTAGCAACTCTATTGAACGGGACACAGTGCTGAGTCACTGAAACAGTTAGCAGTGAGCTGTTATAATCTAAACTGAACGGGGCATTGGTTGCGATCCAGGTTCGTCC,0,train
ATCCCTCTTATAGGATTGTCAAAGCCTAACTAATATAAACGCACGAAGCGCGTTATGTGGGTTTCAAACGACACCCTGACTCAGATGGCTCGCTGCCGTAAGACACGAATACGGAGTAAATC,1,train
GCTTAAAAACGTATCCGTGTAGGGATCCAGGCCCATTTAGGTGTGCTAAGGCAATTTTTGAGCTTACACAGTATAACCCAATTTATTTCGCCCCTAGCACTGGTCTAAGCGCAAACTGCCCACCGTGTTCCTGATCTTGAGCCAAAG,0,train
CTTGACATCTTATGCGACGCTTGCCCACGCGCTAGCCTCGAAAGTGTGGTCTTAGATTAGGTGTTCTAACGAGTCTAAAGATGTGCATCATTATATGTCCTCGAAAGGTTTACTGTCACACTGCGATAGAGGGCTCAGCTTCAGGTTATATGGAGGAAAGATGTACC,0,train
GGTTAGGACAATGGGTTAGAGGAGACGGTGACGATTGGGCGGAACCTTGGTTTTGGCGGACCTCGCTTAATAGGGGGTTGATTCCGTTACGGCGACTTTGATGACCTCTTGCAGGACGATAAGGGGCGGGGGTCATCCGTTTA,0,train
GGAACAGAAGGAGAACCGTGCCTCCAGTGGCTAAGATGCTTACATAGTAACGCCCTATGTATTTGAGATCCAAAGGATCCATCTGTAGGATGGGCGCTATAAAAGTCATGTCCTACTACTAATAAACTAAGAATAACCTTCAGTTTTAAGTCTCAAGTTGTATTCGGTACCAGACGTCTGCGAATGATTGTTCGACATTGTGTTCGGGCCGTTACGCAAC,1,train
ATGATCTCTGGGGCTGAAATAACTTATCCGCGAGGAGCATGCTAAACTACCTAAGATCTACTAAAGGGCTCCAACTGCCTTCAACATGTGCCGACGAGCCTGACTTACTAAGGCTTGCTAAAAGCAATGTTTACGAGACCGTAGTCACATATAGCAACACTGGCGCGAAGTGAGATTGATCGCGAACAAACATGTCCATCGCTGGAGAACCATATGGGATAGCGGCTG,0,train
AGCAATTAAAAACACGCGTTACGGCACTTACTGGCAGGTGCCTCCTTTTGATCAAAGGTCTATACAGTTGGGAGCTTCTGTCGAAGTCGCAGGCAAGCGTAAGGGAAATGATGCCGGGCTCAGCGTACTTAAATCTCTAGTTGTTTTTCCCTTCACTTACGATAAGGACAGGGGGTACCTAGGCCTAAGAATTGTGTTCCTTTCGATTCTGATGACAG,0,train
AACCTTTCTACTATGTGTTCCGCAAGAATCAACAACTACAATGGCGCGTCGTGAATAACGCGACGGCTGAGACGAACGGCGCGTGAATGAAGCGCTTAAACAGCTCAGGATATAAACCCCTACGTCGCATATCCTGGCCACTGGAGGTGAAGCGAATGGTATCGATACGTAGGAGGTGTGCCTTCGTAG,1,train
ATAATATTTATTCAATCCGGCAATGCTATTCTCGTAATGAGTGCAGAGAATGTAGGCACCGCATCCGGGTGAAGGTTATGTGACTAATCGAACGACTCCAGTCTGTTAGCAACGTGGTTTGCGCGCTGGACGGTCCGCCCCCAAGCTGGCCAGGCGTCGAATTTATAAAGTGCTGATACAGATCTGAGACCGCAATATCTGAGTCTGTGAGGGGTACTTTGCTTCACCGTGATA,1,train
TATTCACTCAGCCAAACTAACCCCGGTTAGTATAACACCTAGAGCTCCAGGGTCCGGCGGTAGTATTCCAATACCGCGGTACGCAGACCGCTTGTTCTTGCAAAAAAGAGTTCAAGCCTGAGTAGAAGCGTCAATCAAACTGGATACCATTAATTTTCAAAGGTCGAGCCTAATTCAGGAGTT,0,train
TATAAACTACATCCAACTATATTCCAAGGGTATACATATGGCTACCGGCCGCATACGCCGACAGGTTCTACCTGGACCTTATGACGGGGATACAAAGACTTGTGTTTCCTTAAGGTGACTAAATGCATGAATCTCCGCGGTGTACACTGGTCCACACCTCAGGACCAAAATCGTTCAAAAAGA,1,train
CTGATAACGCTGCCGTTGAGCTCGACCAAGGAAAACATATACTCAAGCCAGGCTTCGCGCGTAATAGGGCTAGGGCTGCTCGAAGGACCCCGGCGACGCAGATGATATCGGGCGCGTTTTGGGTGCAGTGAATAT,0,train
TCGCTTCGACAATCCACTAAAATCGCTGTTCGGTTGGCTCGCCTCGGGCCGCGAATCAGACGGGCCTCAGTTTTTTACTGGTACATGCACTGCAGCTCAATGAGGCAAATAGGGCTGGTGGCCATAAGCCCGTCTTAAAACGCGGTGGTAATTACAGCTGCTTCCTGACCACCCCGGATAGTCAGCTTGTTTGATACTTTGTAATTCCCACCACTCTGTCTGC,0,train
AGTAAAGACACGGGTGCATCCCGTTCATTATTTTTTGACTTACCACTCAGTCAGGAGGGTATCGAATTGACAGTGGCAGCTCAGGGCCCTAGGATCGTTACATAGCTGCAGGGGCGGGATTTTCCAAATCAGAGTAACGTATGTAGAAGTTTATGGCTCGGTAGTTAAAATTACCCGTAGGCATCCGTTTGACAGCATTCGTCGTAGAACAATGCCCAGGTGA,0,train
TTTGGCTATTGGAGAGTTAAGGAATTATCGTCATAGACACTTCGGGTTGAGAGATGGCGACGGTCAGTGCATGAGGCCGTCCCCAGAAGCTCCCCTATGCTGTCCGTCGTTGTTCCCGATGAAGACGTCTACTGATATGCTAGCAGAGCCAGTCTTAAAGCCTAGCGAACTTAATACCGTAGCTCAGAATTATGGAGAGC,0,train
TTAAGACAACCGGATTTCATCACCCTATAAAGCATACCTAACCCTTGCTAGGGTTCCATCCCAACTAGGTTGGCGTTATATGTCGGCGTCTTGTTGATAGTGTTTATACTCGCTACCTATGATA,1,train
ACATGGAGGGCTATGTACCAAATGCCCCTCCTTTTCCATATTGTATACGACTAGGCGCGAATGACTGATTGCTTTCGATCAACTCGTGTAGTGGTCACTGAGTAGGAGCCTTGCCCCGTACACAAGGGCGAAACTTCCCGTGCCGTTTACCCTTAGGATATACGGTGTGTAGTTGTCCATCCT,0,train
TCACCATTTTTGGAGCCGCATGCGCCTATAGACAGTCCACTTTGGGGCTAGAATAGGTAGCGATTGGACCGTCGTCTCGTAATCGGAGATTGACTGGCACTCGGGAATTCACGTATGTAGCTGCCCCGTATAAAACTAGAGCTGACTATCAAAGAGAAGACCGAGAAAGTCGTACACAATTGTACACGTTTGCACGCTCATGGGACTACACCAGTGTGTATTGTACAGGAG,1,train
CTTCGCAGGAGTCTGTAGCCCACTTGCATGTTGTTAGGCTACGAGTCCTTGCCCCAGACTTCAAGTCAAGTCTCAACTTGCTATTGTGAAAAATCATGACTTTGCAGACTATTAACACCATGAACCCAGAAAGGCTACGAGTCTGGCAACACCGCCC,0,train
AAGCCGTAGTGTTGGGGCTGCACCGATACGGGCACAACTCCAATCCTTCTGCGGGGCCGCGCGATAGTGATAAGAAGGAGTTGGTCGCGCGTGATAGGTCGGCAGCTACCACTAACCCTATCAGCTTCAGTCGAGCATGTGCG,0,train
GAATAGATCCCCGCATGTGGCCTATAAACGCGGGGGACATACGCCTTCTCTCCCAAGCTGTGGTTGTTGATCTACATCATGGCTTTAAGGGAAAGGAGTCAGCTAATTAAGTACTAACTAGGGGTGGCTCTGC,1,train
ACCTAAGGATGCCATGGGACTCTTTGTTATCGGCAGTATGGATAATCCGCACGCTGGGATCCGGTGCTGTACGGGCTCTAGTCCTGAAAGCGGTGCATGCGAACTAGTAGTTAGCTGGCTATTATGTGTTCTCTAGGAGAACTTCAAGGATTAGCGTTAGACCTGTCCATTTCATTACCCTTTGAATTGCGATTCTCGCTTAGGAG,0,train
TAAGTTCCTTCTCAGCGGTCATTGGATACCCATAAGAACTGGACACCAATGGGGATGTCAAGTTCTGAAGCTTGGCACTATGGCCAGTCCCTATAAGGTCCCTTAGGATAAGAATTTCACGACAACGCCCCTAGCTGCAGGGAATCTAGCATGTGAGCGTCTCTCGACACGTTCTTTCGGCGCGGTTCTGTAGTGCACACGAGCGTTAAAGAATGTCTTCGCTTCCGGCACTCAAGA,0,train
ACCACACTGTGAGCCACTATTTTACGTCTGGTACTGTTGGAGGCTGCGTGGCGCTAAGAAAGTTCCGAGTTGTTAGATACCACGTGACTGTACGGTCCCCCGGCGGTAGAGGTCTCACCGCTATATCTTGTTCCTACGGTTCTACACCGACCCATCGCGAGGGGGACGCATATAAACACCCTT,1,train
GCGGTCTGTGGCTTGTAGCGGTTCAGCGCCCTATAAAAGCCGTAGGTTCGTACTCCAATCAGCTGCACAAAGACCAAGTATGTAGGTGCGTTATATGGAGTTATGTATATATGTATAAAGCTAGGTCTAACATACTGTAGATCTGCAGGTACACTTCATCTAGCCGT,1,train
AACGTGGCCACCTTTTTCCGCCTAGAACACGCGCGATTCCGTCCGCCGCTGATTGATGGCGCCTCGGATGCGAGCGGTACTTGGCGATTGAGTACAAGGCTCGGTTTTTGTATATATAAGTAAACGTAGTTGTTGAGATAATTGGCCGCGTGAGGAGTTCTGGACGCTATCGTAGACGACGTTCTGATCGCTATCGGCAAAACTT,0,train
GATTTATGGGGGCAGTCTCTGAGCCTCTGCGCCACTTCCAGACCAGTGGAACGATTTTATTCGTTTAGTCCGAACGCGCTTCCAGGTCTGCTCGGGACGGGTGTGCATATCAACAACTCTTCCGTTCCCCGTGCATTAAAAAGTTATCCTGGTCTGGGATTAACTATGGAAGGTCGTTGGTCCTAGC,0,train
CACCCGCAGCCGCAACAGCGACGACTAATTGATCAGTAATTTATTAAGCACGGTGTTAACTTCTGTTTAGTGGGCTAAAATAGCAGATGTAGGGACCTCAGGAGCTAGACGGGGACCTACAACTTTGCGGGAACCAAGTTTTTGCAGTAGTGACTAACGCCGGGAATTCCTCGATATATAGTTTGATAGCTGATACTTATGGCGCAACGGCCACGCCCAC,0,train
AATCTGGCTCGATGCACCCCGGAAAAATAGCATGCACAATTTCCAGGTGTGCACTGCTACCTCACTGGCAGTTACATAAGCCACCTCACAGATAGATAATCGGAGTTCATAAGCTCATCTCGGGAACCTCAACCGCCCCAGAGGTGCCAATGCACACACAGCCCCTTGCACGCACATGATGTCAAGCTTTGTACCAACATATGTACCAAGCGATTCCACATTAAGT,0,train
ACCCAATAGATGACGACAATTTGTGGGAGAGGAGTCCTTGTCTCTGAAGCAGCGGAGTCATTGCGCGATTTGATTGGTGAAATTTCTGATCTGCTTAACGCATGGCGCTAGTAGATCTGATGTCTCACCTCGTACGTTCACCAAGTGAGCCGCGTTAAAGTCTACACGACTGCCGTGTTATATAATGTAGCCTAAGATGGCTTATCTTCAGTTGAGGGTTA,0,train
GGCGCAATTGTGGACAGCCGGCTAGAGAGCCCCGCGGATCCAAATTAACCACTCCTGCATAAATGTATTAACCAAAGTACACTGTTGGATACTGGCAAGAAGAGCCTTGACTCCCCCACTGGGTAAGAGCTAGAGCTTTTAAACTAACACGTTTATAAAGCACCGGGATCTATTTCCGGAACGATCGGCTCTACCGAAAGTAAGAGGCATGC,1,train
GATTACACCTGATCTCTATAAAACCCACCGCCTTACTCTGGCCGCTGGGGCTTAAAGCCATGAAGTTAGGGATCTTACGACAGTCTCATCTTACCCGGAACGGTTCTCGTGGACGTGAAATCTTACTCGTTTAACGGCCCAAAGTCACCGCTCCAATCACTCTGGGCCAT,1,train
GAACAGCGAAAGTCGATCGACATCCGACTCAATCAGACGCTCGTACCCGTGCGTATTTGCTGATATCCAAACTACGCGTGGGGAATCATCCATTAACATCAACTGTCTACCGAACGGCGTCATTCGACCCGTATACGCCGAAATACGGACACATAATACAAATTGTTCTGGTTCTGCCGCTGCGATGCATTCTCGCTTTTTTTTGGGTCCCCCCGTTG,0,train
CGGAGCGCATGCCGTGTTTGTGATAGGGGCGCTTTAGTCCAGATTCGAGCGTTAAAAAGGTTCGGCAGTCCGGTGTGACGGTGATGGTCGCCCGGGAGTGTGATTACGACTCCCGTAGATAGTTAGTT,0,train
ACGACCCTGGACGCGCGACGAAGCTAAGTTTGCTATAAATAACCGACATCTTTGTGAACCGACCCACATTTGACGGTACGCTACCGCAACGGTATGTGTTAATGGAACAGACTTGCTTATGTGGACGTTGTATAGGGATATTACGTTAC,1,train
AGTAGCGTCCGATTCAGCCTTAGTTGTCCGCCCAACCCGCATGTGTTTTATGGCTGGGTGCACGCATGGGCTGTGAAGTCTTGAATTGGCGTGGTATAAATTCAACGCAATCAAGTCCGCCGCGCTTTAGTAAAGACCGAAGCTCGTTTAGGGGTAGCCTATTGTCTCAGCTGAACGTTCGACAGGCCATTGGCACTCTGCGTTGGTATATGAAAT,1,train
CTCTGATTTAAAAACGTTAGTTATTACCAGAGTATGGGGCGTAGTGCCGTGCTAGGCGGAATGTCTCGTGGTGCCGAACGGCTACAATGCGGTCTAGAGCTACCGATCCCCTCCAGCATTTCTCTTGGGTGGCGGACGCCATGACGCTGATTTTACATAGTCAGAGGATTCTCTGGGCTCGA,0,train
GCCGTAGCACACCTACCCACTTTGCTTTCTGCTCTTACCATTCGTAATCCCGGGTCGTCCCTTAAGGCGGTCACTCCCGTAGCGACGGGGTCTTAGAATTAGTGTTCTGTAGGGTTCCCCACGGGTTAATCCGGGCTGATTAGCAACACCAACTATCCCGTAGAAAAGCCTGCGTTACTTCTAGTGTGTGGTGGGGAGGCTCATAGGGACG,0,train
TGATGGATCGCCCCATCGTTGACTACGGTGGTAAGCCGACGGGCTGACATTGTCCGTCTTCCCTCACTGCGACGGTACCAATTAATCGGACTGGTCGCGAGCAACCCATTTATTTGTTCAAAAGACGCTCTAATTTGCCGCCGCCCCGCGTTTCTTGGTGACAGCAAGGTACTCCTTGCAGTGCGGTTATCC,0,train
TATCCTGAGTACTCCGTCCGACTACGATCAAGAAGTTATCAATGCTTTGACTATCAGATCTCATAGCACACAAGTCTATACGTGGTCACCTCAGCCCCCTCGGAAGCGTGGCATGGGTAATCGTCTTCTGGGAGGCTGAATTAACATCAACGAGCCCAGTTGAAAAGTAACCGCATCCTACATGCTTCCATAGACCAAATATAGGTGAGAGAAAAGTTC,0,train
CAGTGTATTCTACCTTATTTTGTACTCTCTTCTAAATCGACTCCATCGCCCCCACCCGGTATATGCATGCCGTTGCGACGCTAATGGGGTGCAAAGCGGGCAGCTTGCGGATTTTACACCCAC,0,train
CGTTCACCGCTGCGGTTTCGATAATCCGTTGTACTAGCTCATCTGTGGCAGAGTTCAATCTCAAGATGATTAGAACGCTCTGCTCGTTTTAGGGATACTAGGCTAACCCACCTCTGTACACTGAGTTACAGCGAGTATTGGCCCGGCGTATCACCCC,0,train
TCGCGGTCCAAAATTACGGACCAGATTCGAAATAACATCGGTAGGTCAGTTGTATAAAGCTATTGATCATCTGTAGGCAACCTCACTTCATGTGGCAGTAGCTTGCGTTAATATCACACCTAATTCTCTTAGATGGGGCC,1,train
CTTCCCAGTGAATTGGCGGAGCGTCTACCGCAAACCGAGAGTTAGCCCGTCATAGCAGCGATAATGGAAGTCTAGTACCTAACGGTTCAGGGGCGAGTAGCCGTCATCTCCTGGTCCCCCGCTCCGAACGCAGTTGTGCCACCAGCCCAGATCTGCTTTCCCCATAGTCCCACTTGTCTTA,0,train
GGCACCATTTATAAATAAGAGCGCCGGGTAGCCGAAACGGGCGCCAGGTACATAATAATTCTGGGCATCATATGTTCCCGGTCGGTTAATAGTTCGGCATAGAGTTTCCCTTAGCTTGCCATATGATCGTAATGTAACCACCTGTTCCGGGTGAATCGAGAAGAGACTTGTTTTCCTCCTGTCGCCAAACTTCACTTTCTTTTGCCTATCGTG,1,train
GTACTTAATCCGCACACTCAGTCTGCCGGCTCACGTGTAACCTCGGATCCCCCATTTGACGTGAGGTTTATGCACGCGGCGCAAGTGACTCAGACTGTGTCGCCATTTAGGATGCGGAAAAGCTTGCGGCAAAATACCCGTGCGAAAGTACGTGTAATGCTCGGGGTCACACGGTCCCGATATCGCGTTAGGTAATACAATGATCTATAAAACCGATGTATAGTGAGGACCCTT,1,train
AGTGGGTCCGTACGTTAAAAAAACATCATTGATCTAAAGTACAAGATACATTACATCGAAGGGTGCTCACAATCGGTTTGTACAAGCCTCTGTTTCAGACCTAAAGTTTAGGAAAATTTAGAAGCAGAGCAGCAGAGTTTCACTTATTGATTACCTGATTGCCCGTCCGATAAGCTCACTATCAATACAGAACGTCAAT,0,train
GAGCTAGTCCAAGTTCCGGCCTTTGTAATTCCGAAGTTGAATCGGTGATACGGATTGACATGGGCCTAAATATAAAGGCTGGTGTAGGATGATGCATCTCCAACATGTCTCTTACCGTTGCTGGGTCCGGCGGCTG,1,val
TAGCTGATCTTCTGACGGGAAAGAAAGGCCTCCAACTATCCCGACCACGCGCTGCATCAATTCATTTTGACCAGGGGAATATTGTAAGGGAAGATTGCTCACGAAGAGATTACAGCGGCCCCAGCTTGCGGAGTTCGCGAAAAGCGGTCTTCTACATGACAGGATATAGCCCGGTATAAATTGTTAACTCAGGTTCTG,1,val
GTTTCTCAGGACGCCCAACTATTCTTTCCAATCCTACATCTGTTTCTTGCGTCGTAGCGGGACCTATAAATGTTACTTATTAGGTTCTCGTTATGTCTCATAATCTCAGTGCTGGTGTGATAAGCAAACCACCCTACTGGCACGAAGTTCACAGAAGTGAGATTATGTCTCGTTTGGCAGTCTTGATGCTCGGGGGACACTTCTTTAAGCTCGGTGTGGT,1,val
GGGCCGAATGACAAACGGCCACCAGGACAGGTACTCAGGGTTTCTCTTTGTCACGCGGCACCATATAAAAGAATAACTGTCCTGACTTATCCGTTGGGGTCTCAGCATTCATACTATCATCCTCCAGCCCCTCATGAGCCCCGGCCGGGTATTTCCTGCAGGGTACTTACCTAC,1,val
AACCCATTGTAGATTAGTTAAAGGTTCCAACACCTGGTACTAACCCGCTAGAAAGAGCGCTCCTTTCACTACCCATACCTGCGTATAGTACGTTCCTTCCGTATATAACAGGTGTGGGGTTTCTGATGAGGGGCGGCCGGCTATAAACGCGGCTCAGCCGCTGCTTGTGCGAGATTAACGTTGTCGATTATTTGACCAGAAAGAGCATCAAAAGGGTCCCGGC,1,val
AAGCAACCTTAAGGGAGCTCCAATAGTCCAGCTATTGGGGTACCATAGTAGCGTTTTCTCCGTAGCACTAGACGTTACTTAGATCATTCTAGACATGAAACAACACACGCAGGCCTGTGCACTAA,0,val
GACCGGAAGCCCTTTCCTAGCCCAATAATAAGCCAGGTGTGAGCTACGTAAGCGCAGATTGACATAACCATTGGCTAGTCCAGCACTGCACTTTGTACCCTATGGATCGTGGGCTTCACTTACTGAAAGTTATAGTATAAATTCCCGCCCAGGGGATGTATGCCACACGCTG,1,val
GCCCCGCAAACGAGGCCCGCTGCCGACTATATCTATTTCCTAACACCATGGTCCAGTGATAATTTAGGGATGCATTAGGACCCACCCTAACGGTCTCCCCGACATCGTGGGAAGATACTATCCAAGCATAATTTTCAGTTGCGGATTCCCCCCAATGACCGCGGTGCGTGCATACCACACCTGATTGCTTCTG,0,val
AAATAACGGCAATGCTATATATACTTGTCCGACAAGGTACGACAACCGACAGCCACGGTCAGGTTTTCGCCGTAGCCTTTTGGATATAAATCAGTGGTAACGTCGCACGGCGAAGAGCTGCATGCCAGATTGGCCATTAGTAATCGTCAGAATGCTAAGAATATGGGGTAGTATGTTAGAACAACAGTCCACGAAGAAAG,1,val
TCTGCTCAGGGATTAAAGCGGCAGTTGTTTTAGTGCAGGTGTTGATGGCCATCCGGTTCCTGGAATGGCAATCCACCGCTTTTGTCGATAAACGAAGGTAAAATTTTCCACGTAGTCTGCTACACACGCTGCTGTATGCGGCGCACGGGGAATGGGGTGCCAACCCTGTATTTCCGCTCACTCATGAAATCAGGCATCGCGCGCGAAAATTTG,0,val
TATATAAAACGACCAAAAGACTGAAACCACAAATCCAATGCTCTCTGATCAACCGCCAACCGCCTGTGCTGGCAGGCAAATGATATAAGGAGGTGTGTGTGCCCAGTTTGTTTTCCTTACGTCTGATCCC,1,val
ACAATAATATAAAACGGTCATCCAGGTAATATAGGAGCAACACTAATGAAGGTAATAGACGTGGGGATAGATCTGGTTCGATGCGAGCAGGTTTCGCGTTTAGCAATGTCTATGTGACTCTTAATTCTTACGCGTTTAATGTCTTGACAGTCCACGCGCCGCGTAAGGTATCAGAGCAGCGCACAGGTAGCGCCCCAAACGGCAGA,1,val
AACCGCCTGAGTTATCCCTACTTTGGCAATCAGAGGTAGTACAACTTGAAGCGTGATATAAACGGTAGATGGTAAGGCACAGAAGGGACCACAGGAGGATAGTAGGACAAAATATGTAGCCAGCCAATCCCCTAGCTCATCTCGGCTTGGCATGTAATCGCCACCACCAATCCGAACAATAGCTCCAGGTTGTCCCTGCCTTGTAGATTCAATGCTAGCGGCTATATGGCTCGTTG,1,val
CACTAGTCTTTAAGCTTATGGAGCAGGGAACACTCTACGGACGTTTACAGACGTTGGACCTAAACCTCAAGACCGTAAGCCAACCGCCACATATATAAATCTATGTTTCAAAGCAGAATATATCGGAGACCTAGAAAGG,1,val
GATAGTTTGATCGTGCTAGTTGCGACAAGTCATTTCTGATACATCCCCCATATCCGGAATTGGTATATCCAAAGGTGTTTACGTCTATGCATGGAGGGGTACCGTGGTACTCTTGACAGTCACCCACATAGCGGTTAACGTTCTGGCGAGATACCCCCGTAATCCACGGGTTGTGCTGTAAGGGATAGGGGGGCCCATGCA,0,val
TTCCATGAGGTTCAGTAACGCACCTTCGGTAAGAGAAGTAGTAAAAAATCGGTTCGTGCTCAGACAGTTACCACAGGCGCGAAAACGGAGCGACGTACCCTTTTTATCGACGACTCTGGCAACTCCCTACTTCCATAGGAGACCAATTAGTTT,0,val
CACGGTATTGTTTATCTACGGGCAAGTCCGAAGTCTTTCTCTGTATAAACAAAAAAGCTTATCGAGTGGAGATTAAAAGGTCGCCTGTTGCGCAGATATCGACCGCCGCTTGTTTTCGCTGTGACAAGTAGATTACATAATGTTTTGTCA,1,val
TAAACCCTAAACCCTAGACAGGATTTGCGGTAGCCTTCGTAAAGCAGTCGTCGCGTATTCCGACTCTTATTTGTCCGATTTGGTTACACGAATAGTGCCCGGCGAGTTCACAGTGGCGGCATGGAAATCACTCATCGCGGCAGTATTGAGAAACACGGCGACCAATAGTACTCA,0,val
TGAGCTGCAGATCTCGCACCCCCAGAATACCAGGGGTTTAGGATTTAGGTCAATGGTTTTTGTTTTGTTAGCAGCTGGGCATGAGTCTCTGGGCCATAGATCTCTGAATTCGTTCTATAAAACACCCAAAAGATGGGGTGGCGGCTAGAGCTTGGTC,1,val
ACTCTCGTCCACTGTTTTGCTCTACCAGGAGTTTAGGTATAGGCGCAACGAACGATTGTGGGGAATTTAACTGTGCCCATGTCAAGACCTCTCTGCAACAGTACTCTAATGGTGGGCGTATAAAGGTTAGGACCCCTCAGTTTGGACCTAGATTTCTTAGGAGCTTTCTTCGCCGCGTAAAAACTTACAATCACGGGAACGGAAAAACCTTAGGAG,1,val
GGGCGGTTAGGAGTACACTAAGCGGTTACTCCCACGCAGCCGCACCCTCGATGTTTTGCGAAGGCAATCCTCCTCTTCCGACGCTACCTCGGAAGATCTGATCAGGATGATTCTGCAAGCTTTAAGGGGTGGAAA,0,val
TACCATGCCGATAGACGTTCACTTATCTATAAAGCTGCACTATCGTTTAAGTGGTCTCCTTTCATACCGGACTTAGAAGTTCGCATAATTGTCTAAGACGTTTAACTCTGCCAACGATCAAGCT,1,val
AGTTGACTGTTACTGCGGATGCATCGACCATGTCGCGCGGTGCACAGTACTAAACGGTGTTAGACTTGTGTTAATACCAGACTGGTAAAGAGCCCGCTTAACGGAACGTCAAAACGGTAAGATAGTATAAAGAACTTATTATAAGCCCGATATACCCCACGGCCAGAACTATTGGTCTGATTAACTCACATGA,1,val
TTCTGCGGTATACTCGACAAGGACGTCCATGCGTGCGCTATGTATTCCGGCGCGCTGTCAGGATTGATGTGGAGTCCCAAGGAATGAACAAATTAACGGTTACCATGCGGACAACCTGGAACTAAGAGCCGGTGATGATATCCTAGGACAAATGCGACAAGGCACTAGAAGACGCGGCGGCAGTAAATTAATTAATTTGACTGCCCGGGCAATTTTCGGACC,0,val
AGGTCATTTAGGCACCGGCGGAAGTGACGCAATCTATAGCTGAATGGGGGCACTCACTCTGTCTTTTTTTGCGTACGATGAGCAGCTTCCCATTAGAAAAACAGGAGGCCTATAAAAAATATGTAGAGTCATTTTCTTCATAACC,1,val
TGTAATTACTATACGTTGGTCTGACTTAACCTTGTACTCTAGGCAAATGATCTTACGCCCCATGGTGCACCAGATTTATCCTTTTAACGCACCAGACAGGAAATCCGCTGAAGGGTATAGTCATATAAAAATGTGGGCTTTCCGCAAATACTTAGGCACGGAGGGAAGGTACCGGTTACTCTGTTAGGACGGACGAGTCTCAGGAGTATCGTGCGCAGACATATC,1,val
ATGCCAAGTAGGCCGGCTTGGTAATCCATGCCTTTCTTGTCCTAAGAAGCTAAGGAAACTCCAGCGTCATAGCACTATCACACTGGCTCACTCGCGGCCCCCTCCCAGGTCGCCCTTAGATTAATACTTACCTAAATACTAGCCATTGGTTCGTGCCCCCCCAAGGCGCCCGTATCGCGATCTCAAAGTTGACATGCGAGCAACTCT,0,val
GCGCATCATGAACAGGTGGGCACACTTGTCACGACGCCACGGACCTCGAGACAAGCGTGAAGTGACCCGGTAAAACGCGGTACCTCTTTACTCGCAACACACACAAGGACAATTGGCCAAACACCGTATAAATTTAGATAACAATGAGAACCCACGGGTATAGTTGATTGCGTCCATCATACTAAAGTACTCATTTAAGGTTTCCCCT,1,val
AACCGCATCTCCATGTCTTCACGTAAAGCCGTCCTACCCAATGGTCGCTACGAGGCAGACTATAGACCGATGGTGTTGAAGAGTTGCAATGTATAAATGTCACTATCCAAACTAGTGTAACACGAGGCCGG,1,val
ATTTTCACCATAGCCTAGATCCTGCCTCGCGAACTTCTCCTAGCCTAAATTTATGAATTAGTAGTTTAACGACGTGCCTCGAGATTCGGGTGTGGACCGACGGGGCGTTGCCCGTGCACGCAGGTTCGCGGTTCTCTTAAGCGCCCGACGTTACCGATAGAGAATCCGCCCTCAGGACACGACCCTTAAGACTATATCACTGATATC,0,val
CCCATACGAGATGACCTTACGAACTGTAACTAATCCGGGTGGTGCACCACACTTGTAGCTGTGAACGACGCACGTAGGCATTCATACAAACCCTGAGAAACTCAGAATACTTTATTCGCCGGTCACGTTTAAGTCTCCATGTTGGTGCAGCAGATGCCACCGACTGCCCGGAGCCTGCTAAAC,0,test
TATCCTACGGTGGTTTCAGATAATCATAGTGTCTACATGGCACTGTATAAAACCGGTTCTCGATTTGCATTCCTACGCTTTCGCCTTATAGTCCAGGCGAGACTCTAGTTGAGCGTTATTTGGGCTAACGCCTCTCTCC,1,test
TCGGCATTCGGCCTTTTTATAAAGTGCCTCTTAGCGGTACGGGCGTAATGTCCGCGTGGGCCGCCCTTAGATCGATTGATTCGCGATCCAGGTCGGTGCCAGACGCTTAGGCCGAATAGTCTTCTGAGTGCTGCCGAAAGTGCGTATGTCGAGGAACTAACCACCAGGGA,1,test
CAGGCTTGTTACTGTCACTCGGGCGTTCCAACCCGTTATATCATGGGTTTCTCTCTTGATTGTGGGCGGCGCTTGACTTTTTGAGCATTTGAGTGCGAAGTCCAAAAGATGTGCCGGGCGTGCGCCCTTA,0,test
CTTCGTGGGCTCCGTGCCATTTCCTCGCCGATCAATTCCGAAGCAGTCGGCTCTCTCCCGTAGGGGGAGCGGCAAATGGGGGTGCAGCGTCAGACAATGTCGTGCTCGTCGCTGAGCAATGAGGACGTCCAGTCGGCAAACGTGCTTCGCAAGTATTTAATTCTGACATATGATAGTAGAAACGACCATAAGACTCTC,0,test
GCTATGACCCTCCCTGACTCAGGCACGTTTAAGAGGCTTGAGTCTGGTTACTCCAGCCCCGACTGATTTCCTACACCCACACGCTAGACTTTCCTCCGCGTACTTCAACTCACTAAATCATTGATCTTGATCGTCAGTGCAAAATCGTGACTGGTGGTCTTCGTGGGTCACTCACTGACTAACTTAAGCGAATTGACTTACGCACCAGCACAG,0,test
ATCAAAGCTGGTAACAGGGTAAAACCGGTGAGGCATTTGTTTCACACATTTCTGACTTATTAAGGACGATCTATAAACTTCATGCGGACTTCATTTATTGATAATTAAAGCTGGACTGTGTAACAGGGGAACTCTAGCCATCTCGATAATTCTAATTCCCATGTTCGTGGTCCTGGCCCGGCCGAGTTGTAAATCAACGCGGCAGCAGTACTCGATTTGAAGCTCGCCGTCACCAT,1,test
GGACCTACGACTGCGCACCGGCTGTTAGACAGTTATACTGCGGAGCCCAAGAGTTTTGACTATGTTGCCCTAGGACGGGCGTATAAACTGGAAAGGTTCCCGCTAAGACTATTAGCTATATCACACCAACATTTTCTCACTCGGCTGTTATAAGTGTGCTT,1,test
AACACATTCACCCCAACAGAGGGCCATTCCCACTATAGTCGGAAAAAAAGCAACTATGTATAAAAGGGCACTGTACCGAGTTATTAAAAGCTGGAGGCTTACTCGCGGAGGCTAATATCCTTGACCAAGAATGAAGGCTTCCTCATGCCACTGCGTGCACTCGTCAGGATATGTCGGGA,1,test
CACATACTCGGGCGTCGGTAACAGCGCGCTAACCTGCACGTTACTTACGCTGCGAGGCTGATGGACTGCAGTTCGGTTCCCCTATTTTGACGGTCCAGCTCCTCATTTATTCCGTCCCGTTTTTCGTAGACGCAGCAGCCACCTAAAAGGATTCAGCAGACGAACTGCTCATGTGCCGAGCACCGCA,0,test
GAGAATAGCATAGGTGCATCCTTACATAGAAAGGCAAAGCCACTGAACCCTCTACACTCACGGTATTTTCGCACGACGCTTGTGCTGGAGTCCTTTCTGATTGGCGTTAGGTCGCAGGTTGCCGACTATGTTTAACCCCCGTTCCACTCCTGATACTTGGTCAGGGTGTTGTTAAGGACTTTGGGCTCCTAGTAGTGCGGCAAGCATTGTAGCACGAAGA,0,test
TAGCCGCGAACCAGAGTAGGGTATAAAGCCTGGCCATACGCATCGACGGCAGTAGCCAGGAAATTTCTTTGTATCCTAAGAGGAAGCTCAAGTATCTCAAGCCTGGGCAATTCAGATAGTCA,1,test
TAGTGTCGTGGGCGGGTACTAGTTCCATGATGCCACCGGGTAGCCGCCTCCCGTTGCGTGGCGGGGTGTTTATATGCTGACCGGGAGTTGCCTGAACCGTTATTCGTAAAGGGTGATCAGTCCGCATCGGGACAGGTCCGTCTGGCGGACATTTTAAGATAGTGGAAAACATCATGTTCGACGTTATGATAACGTCGCGTC,0,test
TTGACTGGCGCTCACCACGTTTTACCGCAGGCATAAAGGATGATCCAAGTACAGGTCTCCACCGTTGATGAGTTCGCGTGGAAACGTGGACTTATGGACGCCTGTAGATTTGTACGAGTGTAACTCATTATAAACCTGTTCGCGGCATGCTTCAACATCGCATTGCAGCAATTTACCCGGTTCTCCGCTCTCAGGCTCGTAATCGTCTTGAAAAGCTGAAGTGTGCAC,1,test
AGAAGAACGTCGAACCGCCGCGCCCACGAACTAGCGTCGGCTAACCCCTGGTCACGCGCAGCTCATACTGTTCGGTTTGTACCCTCTCGTTCGGACAGTGCATGTTTTTGTGGTACTCGAGAGAGCAAAGACGCGGGGCCGAGGGTTATCTCCCTCTTGAGCTTCTTAGCCGATGGCTTTGGAACCGTTCTATCTAGTGACAC,0,test
CGAGGGACTGGTAATACTAAATGAAATATTGATTCGGATCAGCTTTCGCTTCGGTATATCCCGACCGACAAGCATGCTGCTTCGTTTAGACAATCGTGCTACGCTCTGACTTAACCCCAGCGCTAATCGGTGTGGTGCCGGGGAAAGACTTCAGCACACTTGAGTAGTCCAAGCCCGGAAACTCCTACATTGTTAATTTACTTCGATTTATTATAAATAGATC,1,test
GCCTCACAGTAACTCCTCCCGAACGTTTCCAATTTCTTAGCTTGGATTTCTATAAACCGGTGCGCTTACATATGGTATTTTATGGCGGGTCCCCATGACACAAGAGTCGCTGCCTGCACAACGTTCCACAAAGCATGCCCCAGCGAATCCATCCCGGTCTCACCAATCAGTTTTTGTGTCTCACAGGATTTGGA,1,test
ACACTAACAGCCTAGTATAGTCTAGTGAAACGCCGACGTCAGCAAGTAGCTGGTAACCCTTAGAGTTATATCAGACCGTTACCGCCTTAATGCAATGGTGCGACAGATACGTCGGGTGCGGCTGACATAACTTTA,0,test
TACTGTGGGGCAGGGGGCAAAATGGCGGGTTCCGCATTAGTTACTATCGTATAGTCTTACCGAGGAAGCAATCATTTATAAAAGCCGGACCGGTGATGGCAGTAGTAATTGTCTGTACCGTGTTAGTACCTTAGCAACCAGTTCCCCTCCCTGGACCGCCTTTCGCTTCCCGCACCCAAGAATCCCGG,1,test
TAACCACATAAAGAACGTACATATTAATCGAGAGTGGAAACTGCGCAATCTATCTACTATATAATCTATAAAACTGCATTAACGAGGTAACGGCCCTCCATATTGTGTTATTGATACGCAGAATGCTAATACCGAGCGCACCGGACAAGATAAGCACAGATTGTGTCCGCGAAAGAAGTTGCTTAGTCGGACATTGACCGTA,1,test
CGAGTGATAGTCAGCGCCAAAGCGAGAGAACGTCAGCTGCAACAATGACAGGTTTGGACTCACTTGATGGAGCCAAAACAGCCAGTCCGCGACCGTCTTACCACGCGCCTTATTTAGCCTT,0,test
CACTTCCAGGGAGGTAAACGGCCTACAGTGATCCAGTGGCTGATTCCGAGGTCGTCTAAACCTACTTAATCCCCGAAGATAGTCAGCAAGCATGCATCTGAACGATGGTCAAAGCCCCACCCCCGTATCCAACGGTCACTTACGACTAACCACTATCCGGTCCTTCTGGGCACTGT,0,test
TTACTGCCCCAACGTACCAAGTTTGCGGCCTAACAGGCTAGATAGCCAACCGAAGCTGCACATTACTAACTACCACCATATAAAAAATTACCAAATCGTCCCAGCTTGCACTGACGCAAGATCGAGCCGTCACGGTAACGCTAACTACGCTGGGTGCCAGACACTATAGCTCTGACATATTATCCCGAGGGCACGACAAAGTTTG,1,test
GGCTGCCCTTTACTTACTAGGGTCAGTGAACCGGACGAAAAGGTATGAACAGGAAGAGCAGTTGACGCAGCTGTGGACAAATTATAAATGAAACTATCTATAAGTTTAATTTGCCCTATAGAGCGC,1,test
TCTATGTACCGCTTCTACTCGCTCCTGTCCTGAAAAAAAGAGGCCCGAGGTTGCGGACCCTATCTGCATATAAATTTCAGTCTATGGAGACCGTCACGGAGTATCGGCGATGCACGGTTGAGTAGACAAGTCTTTAGTGGTTGCGGC,1,test
TGCGAATTCGTTGGAATATTGTTTAACGCTTCGTTATTTCATGTTGGGAAACGGAGTATGGTGACCCGAAGAGCAGTATAAATAGTTGATACGTGCGGTCTACGGAGTCAAGGATTCGAGGTGCTTGTCACTCTGTACGTCC,1,test
GTTTACGCTGGCCGATCGCGACTATAAAGGTATAATCATGTACCCGTTCGCATGCGAATGCCCTACTTTTTTAACGAGCAACCGGCATGCAAGGTGTCGTGCCTACCCCACAGATGAAAAAATTTAGTCCAGTAGCTAAGAATCCGCGTGCATCTGC,1,test
GGTTAATGCCTCGTGCCTTGACACGGATAAGAGACGCTGTGCGACTTCGCGTAGCTCAGAGCATCCGTAATTCTCCTGCCAGAATATACCCAGGGAGCTTACACACTACAACTTTTTTTCTGTTGGTATAAAAGGCGAAACTCGGCCACCCCACGAGGGATACTGATCTATTGAGAGGTTCATGCGCTTCACGATGTCGCACCGCTTACGCGAGGATGAGGTGGTGGCCAAGAGCGCTTG,1,test
TGATTCAATGCTATAAAGAATCGTCGGCTGGATCCTTCGCCACCTCCTTATAGCCGTCAGCAATCACGCGTAGATATTGAGGTCGTTTTCACAGGAGGGGCCGGGACCAGAGGATCGAAATTGGACTCTGAGAGATCTCCCGCTTTACCCACATACGGTGCAACTGTCTCAAGCCAATCCATGGAACAACTGGAAACACGAGAATACGTATTTCCAGTACCAGCGTGCCGGCAATG,1,test
TTGTAGCGTCCGATATAAAACCGCTTATATCTATTATCCGCCGGCCAGAGTACTGACTGCTGATTGTACATTACCGGAGCGTCCGGAACTCAATTTAAATCAACGAAATAGAGAGATTCCTTCAGCGGATTTGTCATCTTCCGAATTTACAGATGACCCTCACGGCCGTATATACCAACATACTCGCTTGTACCTAGGGACGACTGAATG,1,test
